Survived,Pclass,Age,SibSp,Parch,Fare,Age_Disc,FamilySize,Sex_female,Sex_male,Embarked_C,Embarked_Q,Embarked_S,TopFeatures,AgeGroup,FareCategory
0,3,22.0,1,0,7.25,22.0,2,False,True,False,False,True,1,Young Adult,Low
1,1,38.0,1,0,71.2833,38.0,2,True,False,True,False,False,0,Adult,Medium
1,3,26.0,0,0,7.925,26.0,1,True,False,False,False,True,0,Young Adult,Low
1,1,35.0,1,0,53.1,35.0,2,True,False,False,False,True,0,Adult,Medium
0,3,35.0,0,0,8.05,35.0,1,False,True,False,False,True,1,Adult,Low
0,3,29.69911764705882,0,0,8.4583,29.69911764705882,1,False,True,False,True,False,0,Young Adult,Low
0,1,54.0,0,0,51.8625,54.0,1,False,True,False,False,True,0,Elderly,Medium
0,3,2.0,3,1,21.075,2.0,5,False,True,False,False,True,1,Child,Low
1,3,27.0,0,2,11.1333,27.0,3,True,False,False,False,True,1,Young Adult,Low
1,2,14.0,1,0,30.0708,14.0,2,True,False,True,False,False,0,Child,Low
1,3,4.0,1,1,16.7,4.0,3,True,False,False,False,True,0,Child,Low
1,1,58.0,0,0,26.55,58.0,1,True,False,False,False,True,0,Elderly,Low
0,3,20.0,0,0,8.05,20.0,1,False,True,False,False,True,0,Young Adult,Low
0,3,39.0,1,5,31.275,39.0,7,False,True,False,False,True,0,Adult,Low
0,3,14.0,0,0,7.8542,14.0,1,True,False,False,False,True,0,Child,Low
1,2,55.0,0,0,16.0,55.0,1,True,False,False,False,True,0,Elderly,Low
0,3,2.0,4,1,29.125,2.0,6,False,True,False,True,False,0,Child,Low
1,2,29.69911764705882,0,0,13.0,29.69911764705882,1,False,True,False,False,True,0,Young Adult,Low
0,3,31.0,1,0,18.0,31.0,2,True,False,False,False,True,0,Adult,Low
1,3,29.69911764705882,0,0,7.225,29.69911764705882,1,True,False,True,False,False,0,Young Adult,Low
0,2,35.0,0,0,26.0,35.0,1,False,True,False,False,True,0,Adult,Low
1,2,34.0,0,0,13.0,34.0,1,False,True,False,False,True,0,Adult,Low
1,3,15.0,0,0,8.0292,15.0,1,True,False,False,True,False,0,Child,Low
1,1,28.0,0,0,35.5,28.0,1,False,True,False,False,True,0,Young Adult,Low
0,3,8.0,3,1,21.075,8.0,5,True,False,False,False,True,0,Child,Low
1,3,38.0,1,5,31.3875,38.0,7,True,False,False,False,True,0,Adult,Low
0,3,29.69911764705882,0,0,7.225,29.69911764705882,1,False,True,True,False,False,0,Young Adult,Low
0,1,19.0,3,2,263.0,19.0,6,False,True,False,False,True,0,Young Adult,High
1,3,29.69911764705882,0,0,7.8792,29.69911764705882,1,True,False,False,True,False,0,Young Adult,Low
0,3,29.69911764705882,0,0,7.8958,29.69911764705882,1,False,True,False,False,True,0,Young Adult,Low
0,1,40.0,0,0,27.7208,40.0,1,False,True,True,False,False,0,Adult,Low
1,1,29.69911764705882,1,0,146.5208,29.69911764705882,2,True,False,True,False,False,0,Young Adult,High
1,3,29.69911764705882,0,0,7.75,29.69911764705882,1,True,False,False,True,False,0,Young Adult,Low
0,2,66.0,0,0,10.5,66.0,1,False,True,False,False,True,0,Elderly,Low
0,1,28.0,1,0,82.1708,28.0,2,False,True,True,False,False,0,Young Adult,Medium
0,1,42.0,1,0,52.0,42.0,2,False,True,False,False,True,0,Adult,Medium
1,3,29.69911764705882,0,0,7.2292,29.69911764705882,1,False,True,True,False,False,0,Young Adult,Low
0,3,21.0,0,0,8.05,21.0,1,False,True,False,False,True,0,Young Adult,Low
0,3,18.0,2,0,18.0,18.0,3,True,False,False,False,True,0,Child,Low
1,3,14.0,1,0,11.2417,14.0,2,True,False,True,False,False,0,Child,Low
0,3,40.0,1,0,9.475,40.0,2,True,False,False,False,True,0,Adult,Low
0,2,27.0,1,0,21.0,27.0,2,True,False,False,False,True,0,Young Adult,Low
0,3,29.69911764705882,0,0,7.8958,29.69911764705882,1,False,True,True,False,False,0,Young Adult,Low
1,2,3.0,1,2,41.5792,3.0,4,True,False,True,False,False,0,Child,Low
1,3,19.0,0,0,7.8792,19.0,1,True,False,False,True,False,0,Young Adult,Low
0,3,29.69911764705882,0,0,8.05,29.69911764705882,1,False,True,False,False,True,0,Young Adult,Low
0,3,29.69911764705882,1,0,15.5,29.69911764705882,2,False,True,False,True,False,0,Young Adult,Low
1,3,29.69911764705882,0,0,7.75,29.69911764705882,1,True,False,False,True,False,0,Young Adult,Low
0,3,29.69911764705882,2,0,21.6792,29.69911764705882,3,False,True,True,False,False,0,Young Adult,Low
0,3,18.0,1,0,17.8,18.0,2,True,False,False,False,True,0,Child,Low
0,3,7.0,4,1,39.6875,7.0,6,False,True,False,False,True,0,Child,Low
0,3,21.0,0,0,7.8,21.0,1,False,True,False,False,True,0,Young Adult,Low
1,1,49.0,1,0,76.7292,49.0,2,True,False,True,False,False,0,Adult,Medium
1,2,29.0,1,0,26.0,29.0,2,True,False,False,False,True,0,Young Adult,Low
0,1,65.0,0,1,61.9792,65.0,2,False,True,True,False,False,0,Elderly,Medium
1,1,29.69911764705882,0,0,35.5,29.69911764705882,1,False,True,False,False,True,0,Young Adult,Low
1,2,21.0,0,0,10.5,21.0,1,True,False,False,False,True,0,Young Adult,Low
0,3,28.5,0,0,7.2292,28.5,1,False,True,True,False,False,0,Young Adult,Low
1,2,5.0,1,2,27.75,5.0,4,True,False,False,False,True,0,Child,Low
0,3,11.0,5,2,46.9,11.0,8,False,True,False,False,True,0,Child,Low
0,3,22.0,0,0,7.2292,22.0,1,False,True,True,False,False,0,Young Adult,Low
1,1,38.0,0,0,80.0,38.0,1,True,False,False,False,False,0,Adult,Medium
0,1,45.0,1,0,83.475,45.0,2,False,True,False,False,True,0,Adult,Medium
0,3,4.0,3,2,27.9,4.0,6,False,True,False,False,True,0,Child,Low
0,1,29.69911764705882,0,0,27.7208,29.69911764705882,1,False,True,True,False,False,0,Young Adult,Low
1,3,29.69911764705882,1,1,15.2458,29.69911764705882,3,False,True,True,False,False,0,Young Adult,Low
1,2,29.0,0,0,10.5,29.0,1,True,False,False,False,True,0,Young Adult,Low
0,3,19.0,0,0,8.1583,19.0,1,False,True,False,False,True,0,Young Adult,Low
1,3,17.0,4,2,7.925,17.0,7,True,False,False,False,True,0,Child,Low
0,3,26.0,2,0,8.6625,26.0,3,False,True,False,False,True,0,Young Adult,Low
0,2,32.0,0,0,10.5,32.0,1,False,True,False,False,True,0,Adult,Low
0,3,16.0,5,2,46.9,16.0,8,True,False,False,False,True,0,Child,Low
0,2,21.0,0,0,73.5,21.0,1,False,True,False,False,True,0,Young Adult,Medium
0,3,26.0,1,0,14.4542,26.0,2,False,True,True,False,False,0,Young Adult,Low
1,3,32.0,0,0,56.4958,32.0,1,False,True,False,False,True,0,Adult,Medium
0,3,25.0,0,0,7.65,25.0,1,False,True,False,False,True,0,Young Adult,Low
0,3,29.69911764705882,0,0,7.8958,29.69911764705882,1,False,True,False,False,True,0,Young Adult,Low
0,3,29.69911764705882,0,0,8.05,29.69911764705882,1,False,True,False,False,True,0,Young Adult,Low
1,2,0.83,0,2,29.0,0.83,3,False,True,False,False,True,0,Child,Low
1,3,30.0,0,0,12.475,30.0,1,True,False,False,False,True,0,Young Adult,Low
0,3,22.0,0,0,9.0,22.0,1,False,True,False,False,True,0,Young Adult,Low
1,3,29.0,0,0,9.5,29.0,1,False,True,False,False,True,0,Young Adult,Low
1,3,29.69911764705882,0,0,7.7875,29.69911764705882,1,True,False,False,True,False,0,Young Adult,Low
0,1,28.0,0,0,47.1,28.0,1,False,True,False,False,True,0,Young Adult,Low
1,2,17.0,0,0,10.5,17.0,1,True,False,False,False,True,0,Child,Low
1,3,33.0,3,0,15.85,33.0,4,True,False,False,False,True,0,Adult,Low
0,3,16.0,1,3,34.375,16.0,5,False,True,False,False,True,0,Child,Low
0,3,29.69911764705882,0,0,8.05,29.69911764705882,1,False,True,False,False,True,0,Young Adult,Low
1,1,23.0,3,2,263.0,23.0,6,True,False,False,False,True,0,Young Adult,High
0,3,24.0,0,0,8.05,24.0,1,False,True,False,False,True,0,Young Adult,Low
0,3,29.0,0,0,8.05,29.0,1,False,True,False,False,True,0,Young Adult,Low
0,3,20.0,0,0,7.8542,20.0,1,False,True,False,False,True,0,Young Adult,Low
0,1,46.0,1,0,61.175,46.0,2,False,True,False,False,True,0,Adult,Medium
0,3,26.0,1,2,20.575,26.0,4,False,True,False,False,True,0,Young Adult,Low
0,3,59.0,0,0,7.25,59.0,1,False,True,False,False,True,0,Elderly,Low
0,3,29.69911764705882,0,0,8.05,29.69911764705882,1,False,True,False,False,True,0,Young Adult,Low
0,1,71.0,0,0,34.6542,71.0,1,False,True,True,False,False,0,Elderly,Low
1,1,23.0,0,1,63.3583,23.0,2,False,True,True,False,False,0,Young Adult,Medium
1,2,34.0,0,1,23.0,34.0,2,True,False,False,False,True,0,Adult,Low
0,2,34.0,1,0,26.0,34.0,2,False,True,False,False,True,0,Adult,Low
0,3,28.0,0,0,7.8958,28.0,1,True,False,False,False,True,0,Young Adult,Low
0,3,29.69911764705882,0,0,7.8958,29.69911764705882,1,False,True,False,False,True,0,Young Adult,Low
0,1,21.0,0,1,77.2875,21.0,2,False,True,False,False,True,0,Young Adult,Medium
0,3,33.0,0,0,8.6542,33.0,1,False,True,False,False,True,0,Adult,Low
0,3,37.0,2,0,7.925,37.0,3,False,True,False,False,True,0,Adult,Low
0,3,28.0,0,0,7.8958,28.0,1,False,True,False,False,True,0,Young Adult,Low
1,3,21.0,0,0,7.65,21.0,1,True,False,False,False,True,0,Young Adult,Low
1,3,29.69911764705882,0,0,7.775,29.69911764705882,1,False,True,False,False,True,0,Young Adult,Low
0,3,38.0,0,0,7.8958,38.0,1,False,True,False,False,True,0,Adult,Low
1,3,29.69911764705882,1,0,24.15,29.69911764705882,2,True,False,False,True,False,0,Young Adult,Low
0,1,47.0,0,0,52.0,47.0,1,False,True,False,False,True,0,Adult,Medium
0,3,14.5,1,0,14.4542,14.5,2,True,False,True,False,False,0,Child,Low
0,3,22.0,0,0,8.05,22.0,1,False,True,False,False,True,0,Young Adult,Low
0,3,20.0,1,0,9.825,20.0,2,True,False,False,False,True,0,Young Adult,Low
0,3,17.0,0,0,14.4583,17.0,1,True,False,True,False,False,0,Child,Low
0,3,21.0,0,0,7.925,21.0,1,False,True,False,False,True,0,Young Adult,Low
0,3,70.5,0,0,7.75,70.5,1,False,True,False,True,False,0,Elderly,Low
0,2,29.0,1,0,21.0,29.0,2,False,True,False,False,True,0,Young Adult,Low
0,1,24.0,0,1,247.5208,24.0,2,False,True,True,False,False,0,Young Adult,High
0,3,2.0,4,2,31.275,2.0,7,True,False,False,False,True,0,Child,Low
0,2,21.0,2,0,73.5,21.0,3,False,True,False,False,True,0,Young Adult,Medium
0,3,29.69911764705882,0,0,8.05,29.69911764705882,1,False,True,False,False,True,0,Young Adult,Low
0,2,32.5,1,0,30.0708,32.5,2,False,True,True,False,False,0,Adult,Low
1,2,32.5,0,0,13.0,32.5,1,True,False,False,False,True,0,Adult,Low
0,1,54.0,0,1,77.2875,54.0,2,False,True,False,False,True,0,Elderly,Medium
1,3,12.0,1,0,11.2417,12.0,2,False,True,True,False,False,0,Child,Low
0,3,29.69911764705882,0,0,7.75,29.69911764705882,1,False,True,False,True,False,0,Young Adult,Low
1,3,24.0,0,0,7.1417,24.0,1,False,True,False,False,True,0,Young Adult,Low
1,3,29.69911764705882,1,1,22.3583,29.69911764705882,3,True,False,True,False,False,0,Young Adult,Low
0,3,45.0,0,0,6.975,45.0,1,False,True,False,False,True,0,Adult,Low
0,3,33.0,0,0,7.8958,33.0,1,False,True,True,False,False,0,Adult,Low
0,3,20.0,0,0,7.05,20.0,1,False,True,False,False,True,0,Young Adult,Low
0,3,47.0,1,0,14.5,47.0,2,True,False,False,False,True,0,Adult,Low
1,2,29.0,1,0,26.0,29.0,2,True,False,False,False,True,0,Young Adult,Low
0,2,25.0,0,0,13.0,25.0,1,False,True,False,False,True,0,Young Adult,Low
0,2,23.0,0,0,15.0458,23.0,1,False,True,True,False,False,0,Young Adult,Low
1,1,19.0,0,2,26.2833,19.0,3,True,False,False,False,True,0,Young Adult,Low
0,1,37.0,1,0,53.1,37.0,2,False,True,False,False,True,0,Adult,Medium
0,3,16.0,0,0,9.2167,16.0,1,False,True,False,False,True,0,Child,Low
0,1,24.0,0,0,79.2,24.0,1,False,True,True,False,False,0,Young Adult,Medium
0,3,29.69911764705882,0,2,15.2458,29.69911764705882,3,True,False,True,False,False,0,Young Adult,Low
1,3,22.0,0,0,7.75,22.0,1,True,False,False,False,True,0,Young Adult,Low
1,3,24.0,1,0,15.85,24.0,2,True,False,False,False,True,0,Young Adult,Low
0,3,19.0,0,0,6.75,19.0,1,False,True,False,True,False,0,Young Adult,Low
0,2,18.0,0,0,11.5,18.0,1,False,True,False,False,True,0,Child,Low
0,2,19.0,1,1,36.75,19.0,3,False,True,False,False,True,0,Young Adult,Low
1,3,27.0,0,0,7.7958,27.0,1,False,True,False,False,True,0,Young Adult,Low
0,3,9.0,2,2,34.375,9.0,5,True,False,False,False,True,0,Child,Low
0,2,36.5,0,2,26.0,36.5,3,False,True,False,False,True,0,Adult,Low
0,2,42.0,0,0,13.0,42.0,1,False,True,False,False,True,0,Adult,Low
0,2,51.0,0,0,12.525,51.0,1,False,True,False,False,True,0,Elderly,Low
1,1,22.0,1,0,66.6,22.0,2,True,False,False,False,True,0,Young Adult,Medium
0,3,55.5,0,0,8.05,55.5,1,False,True,False,False,True,0,Elderly,Low
0,3,40.5,0,2,14.5,40.5,3,False,True,False,False,True,0,Adult,Low
0,3,29.69911764705882,0,0,7.3125,29.69911764705882,1,False,True,False,False,True,0,Young Adult,Low
0,1,51.0,0,1,61.3792,51.0,2,False,True,True,False,False,0,Elderly,Medium
1,3,16.0,0,0,7.7333,16.0,1,True,False,False,True,False,0,Child,Low
0,3,30.0,0,0,8.05,30.0,1,False,True,False,False,True,0,Young Adult,Low
0,3,29.69911764705882,0,0,8.6625,29.69911764705882,1,False,True,False,False,True,0,Young Adult,Low
0,3,29.69911764705882,8,2,69.55,29.69911764705882,11,False,True,False,False,True,0,Young Adult,Medium
0,3,44.0,0,1,16.1,44.0,2,False,True,False,False,True,0,Adult,Low
1,2,40.0,0,0,15.75,40.0,1,True,False,False,False,True,0,Adult,Low
0,3,26.0,0,0,7.775,26.0,1,False,True,False,False,True,0,Young Adult,Low
0,3,17.0,0,0,8.6625,17.0,1,False,True,False,False,True,0,Child,Low
0,3,1.0,4,1,39.6875,1.0,6,False,True,False,False,True,0,Child,Low
1,3,9.0,0,2,20.525,9.0,3,False,True,False,False,True,0,Child,Low
1,1,29.69911764705882,0,1,55.0,29.69911764705882,2,True,False,False,False,True,0,Young Adult,Medium
0,3,45.0,1,4,27.9,45.0,6,True,False,False,False,True,0,Adult,Low
0,1,29.69911764705882,0,0,25.925,29.69911764705882,1,False,True,False,False,True,0,Young Adult,Low
0,3,28.0,0,0,56.4958,28.0,1,False,True,False,False,True,0,Young Adult,Medium
0,1,61.0,0,0,33.5,61.0,1,False,True,False,False,True,0,Elderly,Low
0,3,4.0,4,1,29.125,4.0,6,False,True,False,True,False,0,Child,Low
1,3,1.0,1,1,11.1333,1.0,3,True,False,False,False,True,0,Child,Low
0,3,21.0,0,0,7.925,21.0,1,False,True,False,False,True,0,Young Adult,Low
0,1,56.0,0,0,30.6958,56.0,1,False,True,True,False,False,0,Elderly,Low
0,3,18.0,1,1,7.8542,18.0,3,False,True,False,False,True,0,Child,Low
0,3,29.69911764705882,3,1,25.4667,29.69911764705882,5,False,True,False,False,True,0,Young Adult,Low
0,1,50.0,0,0,28.7125,50.0,1,True,False,True,False,False,0,Adult,Low
0,2,30.0,0,0,13.0,30.0,1,False,True,False,False,True,0,Young Adult,Low
0,3,36.0,0,0,0.0,36.0,1,False,True,False,False,True,0,Adult,
0,3,29.69911764705882,8,2,69.55,29.69911764705882,11,True,False,False,False,True,0,Young Adult,Medium
0,2,29.69911764705882,0,0,15.05,29.69911764705882,1,False,True,True,False,False,0,Young Adult,Low
0,3,9.0,4,2,31.3875,9.0,7,False,True,False,False,True,0,Child,Low
1,2,1.0,2,1,39.0,1.0,4,False,True,False,False,True,0,Child,Low
1,3,4.0,0,2,22.025,4.0,3,True,False,False,False,True,0,Child,Low
0,1,29.69911764705882,0,0,50.0,29.69911764705882,1,False,True,False,False,True,0,Young Adult,Low
1,3,29.69911764705882,1,0,15.5,29.69911764705882,2,True,False,False,True,False,0,Young Adult,Low
1,1,45.0,0,0,26.55,45.0,1,False,True,False,False,True,0,Adult,Low
0,3,40.0,1,1,15.5,40.0,3,False,True,False,True,False,0,Adult,Low
0,3,36.0,0,0,7.8958,36.0,1,False,True,False,False,True,0,Adult,Low
1,2,32.0,0,0,13.0,32.0,1,True,False,False,False,True,0,Adult,Low
0,2,19.0,0,0,13.0,19.0,1,False,True,False,False,True,0,Young Adult,Low
1,3,19.0,1,0,7.8542,19.0,2,True,False,False,False,True,0,Young Adult,Low
1,2,3.0,1,1,26.0,3.0,3,False,True,False,False,True,0,Child,Low
1,1,44.0,0,0,27.7208,44.0,1,True,False,True,False,False,0,Adult,Low
1,1,58.0,0,0,146.5208,58.0,1,True,False,True,False,False,0,Elderly,High
0,3,29.69911764705882,0,0,7.75,29.69911764705882,1,False,True,False,True,False,0,Young Adult,Low
0,3,42.0,0,1,8.4042,42.0,2,False,True,False,False,True,0,Adult,Low
1,3,29.69911764705882,0,0,7.75,29.69911764705882,1,True,False,False,True,False,0,Young Adult,Low
0,2,24.0,0,0,13.0,24.0,1,True,False,False,False,True,0,Young Adult,Low
0,3,28.0,0,0,9.5,28.0,1,False,True,False,False,True,0,Young Adult,Low
0,3,29.69911764705882,8,2,69.55,29.69911764705882,11,False,True,False,False,True,0,Young Adult,Medium
0,3,34.0,0,0,6.4958,34.0,1,False,True,False,False,True,0,Adult,Low
0,3,45.5,0,0,7.225,45.5,1,False,True,True,False,False,0,Adult,Low
1,3,18.0,0,0,8.05,18.0,1,False,True,False,False,True,0,Child,Low
0,3,2.0,0,1,10.4625,2.0,2,True,False,False,False,True,0,Child,Low
0,3,32.0,1,0,15.85,32.0,2,False,True,False,False,True,0,Adult,Low
1,3,26.0,0,0,18.7875,26.0,1,False,True,True,False,False,0,Young Adult,Low
1,3,16.0,0,0,7.75,16.0,1,True,False,False,True,False,0,Child,Low
1,1,40.0,0,0,31.0,40.0,1,False,True,True,False,False,0,Adult,Low
0,3,24.0,0,0,7.05,24.0,1,False,True,False,False,True,0,Young Adult,Low
1,2,35.0,0,0,21.0,35.0,1,True,False,False,False,True,0,Adult,Low
0,3,22.0,0,0,7.25,22.0,1,False,True,False,False,True,0,Young Adult,Low
0,2,30.0,0,0,13.0,30.0,1,False,True,False,False,True,0,Young Adult,Low
0,3,29.69911764705882,1,0,7.75,29.69911764705882,2,False,True,False,True,False,0,Young Adult,Low
1,1,31.0,1,0,113.275,31.0,2,True,False,True,False,False,0,Adult,High
1,3,27.0,0,0,7.925,27.0,1,True,False,False,False,True,0,Young Adult,Low
0,2,42.0,1,0,27.0,42.0,2,False,True,False,False,True,0,Adult,Low
1,1,32.0,0,0,76.2917,32.0,1,True,False,True,False,False,0,Adult,Medium
0,2,30.0,0,0,10.5,30.0,1,False,True,False,False,True,0,Young Adult,Low
1,3,16.0,0,0,8.05,16.0,1,False,True,False,False,True,0,Child,Low
0,2,27.0,0,0,13.0,27.0,1,False,True,False,False,True,0,Young Adult,Low
0,3,51.0,0,0,8.05,51.0,1,False,True,False,False,True,0,Elderly,Low
0,3,29.69911764705882,0,0,7.8958,29.69911764705882,1,False,True,False,False,True,0,Young Adult,Low
1,1,38.0,1,0,90.0,38.0,2,False,True,False,False,True,0,Adult,Medium
0,3,22.0,0,0,9.35,22.0,1,False,True,False,False,True,0,Young Adult,Low
1,2,19.0,0,0,10.5,19.0,1,False,True,False,False,True,0,Young Adult,Low
0,3,20.5,0,0,7.25,20.5,1,False,True,False,False,True,0,Young Adult,Low
0,2,18.0,0,0,13.0,18.0,1,False,True,False,False,True,0,Child,Low
0,3,29.69911764705882,3,1,25.4667,29.69911764705882,5,True,False,False,False,True,0,Young Adult,Low
1,1,35.0,1,0,83.475,35.0,2,True,False,False,False,True,0,Adult,Medium
0,3,29.0,0,0,7.775,29.0,1,False,True,False,False,True,0,Young Adult,Low
0,2,59.0,0,0,13.5,59.0,1,False,True,False,False,True,0,Elderly,Low
1,3,5.0,4,2,31.3875,5.0,7,True,False,False,False,True,0,Child,Low
0,2,24.0,0,0,10.5,24.0,1,False,True,False,False,True,0,Young Adult,Low
0,3,29.69911764705882,0,0,7.55,29.69911764705882,1,True,False,False,False,True,0,Young Adult,Low
0,2,44.0,1,0,26.0,44.0,2,False,True,False,False,True,0,Adult,Low
1,2,8.0,0,2,26.25,8.0,3,True,False,False,False,True,0,Child,Low
0,2,19.0,0,0,10.5,19.0,1,False,True,False,False,True,0,Young Adult,Low
0,2,33.0,0,0,12.275,33.0,1,False,True,False,False,True,0,Adult,Low
0,3,29.69911764705882,1,0,14.4542,29.69911764705882,2,True,False,True,False,False,0,Young Adult,Low
1,3,29.69911764705882,1,0,15.5,29.69911764705882,2,True,False,False,True,False,0,Young Adult,Low
0,2,29.0,0,0,10.5,29.0,1,False,True,False,False,True,0,Young Adult,Low
0,3,22.0,0,0,7.125,22.0,1,False,True,False,False,True,0,Young Adult,Low
0,3,30.0,0,0,7.225,30.0,1,False,True,True,False,False,0,Young Adult,Low
0,1,44.0,2,0,90.0,44.0,3,False,True,False,True,False,0,Adult,Medium
0,3,25.0,0,0,7.775,25.0,1,True,False,False,False,True,0,Young Adult,Low
1,2,24.0,0,2,14.5,24.0,3,True,False,False,False,True,0,Young Adult,Low
1,1,37.0,1,1,52.5542,37.0,3,False,True,False,False,True,0,Adult,Medium
0,2,54.0,1,0,26.0,54.0,2,False,True,False,False,True,0,Elderly,Low
0,3,29.69911764705882,0,0,7.25,29.69911764705882,1,False,True,False,False,True,0,Young Adult,Low
0,3,29.0,1,1,10.4625,29.0,3,True,False,False,False,True,0,Young Adult,Low
0,1,62.0,0,0,26.55,62.0,1,False,True,False,False,True,0,Elderly,Low
0,3,30.0,1,0,16.1,30.0,2,False,True,False,False,True,0,Young Adult,Low
0,3,41.0,0,2,20.2125,41.0,3,True,False,False,False,True,0,Adult,Low
1,3,29.0,0,2,15.2458,29.0,3,True,False,True,False,False,0,Young Adult,Low
1,1,29.69911764705882,0,0,79.2,29.69911764705882,1,True,False,True,False,False,0,Young Adult,Medium
1,1,30.0,0,0,86.5,30.0,1,True,False,False,False,True,0,Young Adult,Medium
1,1,35.0,0,0,512.3292,35.0,1,True,False,True,False,False,0,Adult,High
1,2,50.0,0,1,26.0,50.0,2,True,False,False,False,True,0,Adult,Low
0,3,29.69911764705882,0,0,7.75,29.69911764705882,1,False,True,False,True,False,0,Young Adult,Low
1,3,3.0,4,2,31.3875,3.0,7,False,True,False,False,True,0,Child,Low
0,1,52.0,1,1,79.65,52.0,3,False,True,False,False,True,0,Elderly,Medium
0,1,40.0,0,0,0.0,40.0,1,False,True,False,False,True,0,Adult,
0,3,29.69911764705882,0,0,7.75,29.69911764705882,1,True,False,False,True,False,0,Young Adult,Low
0,2,36.0,0,0,10.5,36.0,1,False,True,False,False,True,0,Adult,Low
0,3,16.0,4,1,39.6875,16.0,6,False,True,False,False,True,0,Child,Low
1,3,25.0,1,0,7.775,25.0,2,False,True,False,False,True,0,Young Adult,Low
1,1,58.0,0,1,153.4625,58.0,2,True,False,False,False,True,0,Elderly,High
1,1,35.0,0,0,135.6333,35.0,1,True,False,False,False,True,0,Adult,High
0,1,29.69911764705882,0,0,31.0,29.69911764705882,1,False,True,False,False,True,0,Young Adult,Low
1,3,25.0,0,0,0.0,25.0,1,False,True,False,False,True,0,Young Adult,
1,2,41.0,0,1,19.5,41.0,2,True,False,False,False,True,0,Adult,Low
0,1,37.0,0,1,29.7,37.0,2,False,True,True,False,False,0,Adult,Low
1,3,29.69911764705882,0,0,7.75,29.69911764705882,1,True,False,False,True,False,0,Young Adult,Low
1,1,63.0,1,0,77.9583,63.0,2,True,False,False,False,True,0,Elderly,Medium
0,3,45.0,0,0,7.75,45.0,1,True,False,False,False,True,0,Adult,Low
0,2,29.69911764705882,0,0,0.0,29.69911764705882,1,False,True,False,False,True,0,Young Adult,
0,3,7.0,4,1,29.125,7.0,6,False,True,False,True,False,0,Child,Low
1,3,35.0,1,1,20.25,35.0,3,True,False,False,False,True,0,Adult,Low
0,3,65.0,0,0,7.75,65.0,1,False,True,False,True,False,0,Elderly,Low
0,3,28.0,0,0,7.8542,28.0,1,False,True,False,False,True,0,Young Adult,Low
0,3,16.0,0,0,9.5,16.0,1,False,True,False,False,True,0,Child,Low
1,3,19.0,0,0,8.05,19.0,1,False,True,False,False,True,0,Young Adult,Low
0,1,29.69911764705882,0,0,26.0,29.69911764705882,1,False,True,False,False,True,0,Young Adult,Low
0,3,33.0,0,0,8.6625,33.0,1,False,True,True,False,False,0,Adult,Low
1,3,30.0,0,0,9.5,30.0,1,False,True,False,False,True,0,Young Adult,Low
0,3,22.0,0,0,7.8958,22.0,1,False,True,False,False,True,0,Young Adult,Low
1,2,42.0,0,0,13.0,42.0,1,False,True,False,False,True,0,Adult,Low
1,3,22.0,0,0,7.75,22.0,1,True,False,False,True,False,0,Young Adult,Low
1,1,26.0,0,0,78.85,26.0,1,True,False,False,False,True,0,Young Adult,Medium
1,1,19.0,1,0,91.0792,19.0,2,True,False,True,False,False,0,Young Adult,Medium
0,2,36.0,0,0,12.875,36.0,1,False,True,True,False,False,0,Adult,Low
0,3,24.0,0,0,8.85,24.0,1,True,False,False,False,True,0,Young Adult,Low
0,3,24.0,0,0,7.8958,24.0,1,False,True,False,False,True,0,Young Adult,Low
0,1,29.69911764705882,0,0,27.7208,29.69911764705882,1,False,True,True,False,False,0,Young Adult,Low
0,3,23.5,0,0,7.2292,23.5,1,False,True,True,False,False,0,Young Adult,Low
0,1,2.0,1,2,151.55,2.0,4,True,False,False,False,True,0,Child,High
1,1,29.69911764705882,0,0,30.5,29.69911764705882,1,False,True,False,False,True,0,Young Adult,Low
1,1,50.0,0,1,247.5208,50.0,2,True,False,True,False,False,0,Adult,High
1,3,29.69911764705882,0,0,7.75,29.69911764705882,1,True,False,False,True,False,0,Young Adult,Low
1,3,29.69911764705882,2,0,23.25,29.69911764705882,3,False,True,False,True,False,0,Young Adult,Low
0,3,19.0,0,0,0.0,19.0,1,False,True,False,False,True,0,Young Adult,
1,2,29.69911764705882,0,0,12.35,29.69911764705882,1,True,False,False,True,False,0,Young Adult,Low
0,3,29.69911764705882,0,0,8.05,29.69911764705882,1,False,True,False,False,True,0,Young Adult,Low
1,1,0.92,1,2,151.55,0.92,4,False,True,False,False,True,0,Child,High
1,1,29.69911764705882,0,0,110.8833,29.69911764705882,1,True,False,True,False,False,0,Young Adult,High
1,1,17.0,1,0,108.9,17.0,2,True,False,True,False,False,0,Child,High
0,2,30.0,1,0,24.0,30.0,2,False,True,True,False,False,0,Young Adult,Low
1,1,30.0,0,0,56.9292,30.0,1,True,False,True,False,False,0,Young Adult,Medium
1,1,24.0,0,0,83.1583,24.0,1,True,False,True,False,False,0,Young Adult,Medium
1,1,18.0,2,2,262.375,18.0,5,True,False,True,False,False,0,Child,High
0,2,26.0,1,1,26.0,26.0,3,True,False,False,False,True,0,Young Adult,Low
0,3,28.0,0,0,7.8958,28.0,1,False,True,False,False,True,0,Young Adult,Low
0,2,43.0,1,1,26.25,43.0,3,False,True,False,False,True,0,Adult,Low
1,3,26.0,0,0,7.8542,26.0,1,True,False,False,False,True,0,Young Adult,Low
1,2,24.0,1,0,26.0,24.0,2,True,False,False,False,True,0,Young Adult,Low
0,2,54.0,0,0,14.0,54.0,1,False,True,False,False,True,0,Elderly,Low
1,1,31.0,0,2,164.8667,31.0,3,True,False,False,False,True,0,Adult,High
1,1,40.0,1,1,134.5,40.0,3,True,False,True,False,False,0,Adult,High
0,3,22.0,0,0,7.25,22.0,1,False,True,False,False,True,0,Young Adult,Low
0,3,27.0,0,0,7.8958,27.0,1,False,True,False,False,True,0,Young Adult,Low
1,2,30.0,0,0,12.35,30.0,1,True,False,False,True,False,0,Young Adult,Low
1,2,22.0,1,1,29.0,22.0,3,True,False,False,False,True,0,Young Adult,Low
0,3,29.69911764705882,8,2,69.55,29.69911764705882,11,False,True,False,False,True,0,Young Adult,Medium
1,1,36.0,0,0,135.6333,36.0,1,True,False,True,False,False,0,Adult,High
0,3,61.0,0,0,6.2375,61.0,1,False,True,False,False,True,0,Elderly,Low
1,2,36.0,0,0,13.0,36.0,1,True,False,False,False,True,0,Adult,Low
1,3,31.0,1,1,20.525,31.0,3,True,False,False,False,True,0,Adult,Low
1,1,16.0,0,1,57.9792,16.0,2,True,False,True,False,False,0,Child,Medium
1,3,29.69911764705882,2,0,23.25,29.69911764705882,3,True,False,False,True,False,0,Young Adult,Low
0,1,45.5,0,0,28.5,45.5,1,False,True,False,False,True,0,Adult,Low
0,1,38.0,0,1,153.4625,38.0,2,False,True,False,False,True,0,Adult,High
0,3,16.0,2,0,18.0,16.0,3,False,True,False,False,True,0,Child,Low
1,1,29.69911764705882,1,0,133.65,29.69911764705882,2,True,False,False,False,True,0,Young Adult,High
0,3,29.69911764705882,0,0,7.8958,29.69911764705882,1,False,True,False,False,True,0,Young Adult,Low
0,1,29.0,1,0,66.6,29.0,2,False,True,False,False,True,0,Young Adult,Medium
1,1,41.0,0,0,134.5,41.0,1,True,False,True,False,False,0,Adult,High
1,3,45.0,0,0,8.05,45.0,1,False,True,False,False,True,0,Adult,Low
0,1,45.0,0,0,35.5,45.0,1,False,True,False,False,True,0,Adult,Low
1,2,2.0,1,1,26.0,2.0,3,False,True,False,False,True,0,Child,Low
1,1,24.0,3,2,263.0,24.0,6,True,False,False,False,True,0,Young Adult,High
0,2,28.0,0,0,13.0,28.0,1,False,True,False,False,True,0,Young Adult,Low
0,2,25.0,0,0,13.0,25.0,1,False,True,False,False,True,0,Young Adult,Low
0,2,36.0,0,0,13.0,36.0,1,False,True,False,False,True,0,Adult,Low
1,2,24.0,0,0,13.0,24.0,1,True,False,False,False,True,0,Young Adult,Low
1,2,40.0,0,0,13.0,40.0,1,True,False,False,False,True,0,Adult,Low
1,3,29.69911764705882,1,0,16.1,29.69911764705882,2,True,False,False,False,True,0,Young Adult,Low
1,3,3.0,1,1,15.9,3.0,3,False,True,False,False,True,0,Child,Low
0,3,42.0,0,0,8.6625,42.0,1,False,True,False,False,True,0,Adult,Low
0,3,23.0,0,0,9.225,23.0,1,False,True,False,False,True,0,Young Adult,Low
0,1,29.69911764705882,0,0,35.0,29.69911764705882,1,False,True,False,False,True,0,Young Adult,Low
0,3,15.0,1,1,7.2292,15.0,3,False,True,True,False,False,0,Child,Low
0,3,25.0,1,0,17.8,25.0,2,False,True,False,False,True,0,Young Adult,Low
0,3,29.69911764705882,0,0,7.225,29.69911764705882,1,False,True,True,False,False,0,Young Adult,Low
0,3,28.0,0,0,9.5,28.0,1,False,True,False,False,True,0,Young Adult,Low
1,1,22.0,0,1,55.0,22.0,2,True,False,False,False,True,0,Young Adult,Medium
0,2,38.0,0,0,13.0,38.0,1,True,False,False,False,True,0,Adult,Low
1,3,29.69911764705882,0,0,7.8792,29.69911764705882,1,True,False,False,True,False,0,Young Adult,Low
1,3,29.69911764705882,0,0,7.8792,29.69911764705882,1,True,False,False,True,False,0,Young Adult,Low
0,3,40.0,1,4,27.9,40.0,6,False,True,False,False,True,0,Adult,Low
0,2,29.0,1,0,27.7208,29.0,2,False,True,True,False,False,0,Young Adult,Low
0,3,45.0,0,1,14.4542,45.0,2,True,False,True,False,False,0,Adult,Low
0,3,35.0,0,0,7.05,35.0,1,False,True,False,False,True,0,Adult,Low
0,3,29.69911764705882,1,0,15.5,29.69911764705882,2,False,True,False,True,False,0,Young Adult,Low
0,3,30.0,0,0,7.25,30.0,1,False,True,False,False,True,0,Young Adult,Low
1,1,60.0,1,0,75.25,60.0,2,True,False,True,False,False,0,Elderly,Medium
1,3,29.69911764705882,0,0,7.2292,29.69911764705882,1,True,False,True,False,False,0,Young Adult,Low
1,3,29.69911764705882,0,0,7.75,29.69911764705882,1,True,False,False,True,False,0,Young Adult,Low
1,1,24.0,0,0,69.3,24.0,1,True,False,True,False,False,0,Young Adult,Medium
1,1,25.0,1,0,55.4417,25.0,2,False,True,True,False,False,0,Young Adult,Medium
0,3,18.0,1,0,6.4958,18.0,2,False,True,False,False,True,0,Child,Low
0,3,19.0,0,0,8.05,19.0,1,False,True,False,False,True,0,Young Adult,Low
0,1,22.0,0,0,135.6333,22.0,1,False,True,True,False,False,0,Young Adult,High
0,3,3.0,3,1,21.075,3.0,5,True,False,False,False,True,0,Child,Low
1,1,29.69911764705882,1,0,82.1708,29.69911764705882,2,True,False,True,False,False,0,Young Adult,Medium
1,3,22.0,0,0,7.25,22.0,1,True,False,False,False,True,0,Young Adult,Low
0,1,27.0,0,2,211.5,27.0,3,False,True,True,False,False,0,Young Adult,High
0,3,20.0,0,0,4.0125,20.0,1,False,True,True,False,False,0,Young Adult,Low
0,3,19.0,0,0,7.775,19.0,1,False,True,False,False,True,0,Young Adult,Low
1,1,42.0,0,0,227.525,42.0,1,True,False,True,False,False,0,Adult,High
1,3,1.0,0,2,15.7417,1.0,3,True,False,True,False,False,0,Child,Low
0,3,32.0,0,0,7.925,32.0,1,False,True,False,False,True,0,Adult,Low
1,1,35.0,1,0,52.0,35.0,2,True,False,False,False,True,0,Adult,Medium
0,3,29.69911764705882,0,0,7.8958,29.69911764705882,1,False,True,False,False,True,0,Young Adult,Low
0,2,18.0,0,0,73.5,18.0,1,False,True,False,False,True,0,Child,Medium
0,3,1.0,5,2,46.9,1.0,8,False,True,False,False,True,0,Child,Low
1,2,36.0,0,0,13.0,36.0,1,True,False,False,False,True,0,Adult,Low
0,3,29.69911764705882,0,0,7.7292,29.69911764705882,1,False,True,False,True,False,0,Young Adult,Low
1,2,17.0,0,0,12.0,17.0,1,True,False,True,False,False,0,Child,Low
1,1,36.0,1,2,120.0,36.0,4,False,True,False,False,True,0,Adult,High
1,3,21.0,0,0,7.7958,21.0,1,False,True,False,False,True,0,Young Adult,Low
0,3,28.0,2,0,7.925,28.0,3,False,True,False,False,True,0,Young Adult,Low
1,1,23.0,1,0,113.275,23.0,2,True,False,True,False,False,0,Young Adult,High
1,3,24.0,0,2,16.7,24.0,3,True,False,False,False,True,0,Young Adult,Low
0,3,22.0,0,0,7.7958,22.0,1,False,True,False,False,True,0,Young Adult,Low
0,3,31.0,0,0,7.8542,31.0,1,True,False,False,False,True,0,Adult,Low
0,2,46.0,0,0,26.0,46.0,1,False,True,False,False,True,0,Adult,Low
0,2,23.0,0,0,10.5,23.0,1,False,True,False,False,True,0,Young Adult,Low
1,2,28.0,0,0,12.65,28.0,1,True,False,False,False,True,0,Young Adult,Low
1,3,39.0,0,0,7.925,39.0,1,False,True,False,False,True,0,Adult,Low
0,3,26.0,0,0,8.05,26.0,1,False,True,False,False,True,0,Young Adult,Low
0,3,21.0,1,0,9.825,21.0,2,True,False,False,False,True,0,Young Adult,Low
0,3,28.0,1,0,15.85,28.0,2,False,True,False,False,True,0,Young Adult,Low
0,3,20.0,0,0,8.6625,20.0,1,True,False,False,False,True,0,Young Adult,Low
0,2,34.0,1,0,21.0,34.0,2,False,True,False,False,True,0,Adult,Low
0,3,51.0,0,0,7.75,51.0,1,False,True,False,False,True,0,Elderly,Low
1,2,3.0,1,1,18.75,3.0,3,False,True,False,False,True,0,Child,Low
0,3,21.0,0,0,7.775,21.0,1,False,True,False,False,True,0,Young Adult,Low
0,3,29.69911764705882,3,1,25.4667,29.69911764705882,5,True,False,False,False,True,0,Young Adult,Low
0,3,29.69911764705882,0,0,7.8958,29.69911764705882,1,False,True,False,False,True,0,Young Adult,Low
0,3,29.69911764705882,0,0,6.8583,29.69911764705882,1,False,True,False,True,False,0,Young Adult,Low
1,1,33.0,1,0,90.0,33.0,2,True,False,False,True,False,0,Adult,Medium
0,2,29.69911764705882,0,0,0.0,29.69911764705882,1,False,True,False,False,True,0,Young Adult,
1,3,44.0,0,0,7.925,44.0,1,False,True,False,False,True,0,Adult,Low
0,3,29.69911764705882,0,0,8.05,29.69911764705882,1,True,False,False,False,True,0,Young Adult,Low
1,2,34.0,1,1,32.5,34.0,3,True,False,False,False,True,0,Adult,Low
1,2,18.0,0,2,13.0,18.0,3,True,False,False,False,True,0,Child,Low
0,2,30.0,0,0,13.0,30.0,1,False,True,False,False,True,0,Young Adult,Low
0,3,10.0,0,2,24.15,10.0,3,True,False,False,False,True,0,Child,Low
0,3,29.69911764705882,0,0,7.8958,29.69911764705882,1,False,True,True,False,False,0,Young Adult,Low
0,3,21.0,0,0,7.7333,21.0,1,False,True,False,True,False,0,Young Adult,Low
0,3,29.0,0,0,7.875,29.0,1,False,True,False,False,True,0,Young Adult,Low
0,3,28.0,1,1,14.4,28.0,3,True,False,False,False,True,0,Young Adult,Low
0,3,18.0,1,1,20.2125,18.0,3,False,True,False,False,True,0,Child,Low
0,3,29.69911764705882,0,0,7.25,29.69911764705882,1,False,True,False,False,True,0,Young Adult,Low
1,2,28.0,1,0,26.0,28.0,2,True,False,False,False,True,0,Young Adult,Low
1,2,19.0,0,0,26.0,19.0,1,True,False,False,False,True,0,Young Adult,Low
0,3,29.69911764705882,0,0,7.75,29.69911764705882,1,False,True,False,True,False,0,Young Adult,Low
1,3,32.0,0,0,8.05,32.0,1,False,True,False,False,True,0,Adult,Low
1,1,28.0,0,0,26.55,28.0,1,False,True,False,False,True,0,Young Adult,Low
1,3,29.69911764705882,1,0,16.1,29.69911764705882,2,True,False,False,False,True,0,Young Adult,Low
1,2,42.0,1,0,26.0,42.0,2,True,False,False,False,True,0,Adult,Low
0,3,17.0,0,0,7.125,17.0,1,False,True,False,False,True,0,Child,Low
0,1,50.0,1,0,55.9,50.0,2,False,True,False,False,True,0,Adult,Medium
1,1,14.0,1,2,120.0,14.0,4,True,False,False,False,True,0,Child,High
0,3,21.0,2,2,34.375,21.0,5,True,False,False,False,True,0,Young Adult,Low
1,2,24.0,2,3,18.75,24.0,6,True,False,False,False,True,0,Young Adult,Low
0,1,64.0,1,4,263.0,64.0,6,False,True,False,False,True,0,Elderly,High
0,2,31.0,0,0,10.5,31.0,1,False,True,False,False,True,0,Adult,Low
1,2,45.0,1,1,26.25,45.0,3,True,False,False,False,True,0,Adult,Low
0,3,20.0,0,0,9.5,20.0,1,False,True,False,False,True,0,Young Adult,Low
0,3,25.0,1,0,7.775,25.0,2,False,True,False,False,True,0,Young Adult,Low
1,2,28.0,0,0,13.0,28.0,1,True,False,False,False,True,0,Young Adult,Low
1,3,29.69911764705882,0,0,8.1125,29.69911764705882,1,False,True,False,False,True,0,Young Adult,Low
1,1,4.0,0,2,81.8583,4.0,3,False,True,False,False,True,0,Child,Medium
1,2,13.0,0,1,19.5,13.0,2,True,False,False,False,True,0,Child,Low
1,1,34.0,0,0,26.55,34.0,1,False,True,False,False,True,0,Adult,Low
1,3,5.0,2,1,19.2583,5.0,4,True,False,True,False,False,0,Child,Low
1,1,52.0,0,0,30.5,52.0,1,False,True,False,False,True,0,Elderly,Low
0,2,36.0,1,2,27.75,36.0,4,False,True,False,False,True,0,Adult,Low
0,3,29.69911764705882,1,0,19.9667,29.69911764705882,2,False,True,False,False,True,0,Young Adult,Low
0,1,30.0,0,0,27.75,30.0,1,False,True,True,False,False,0,Young Adult,Low
1,1,49.0,1,0,89.1042,49.0,2,False,True,True,False,False,0,Adult,Medium
0,3,29.69911764705882,0,0,8.05,29.69911764705882,1,False,True,False,False,True,0,Young Adult,Low
1,3,29.0,0,0,7.8958,29.0,1,False,True,True,False,False,0,Young Adult,Low
0,1,65.0,0,0,26.55,65.0,1,False,True,False,False,True,0,Elderly,Low
1,1,29.69911764705882,1,0,51.8625,29.69911764705882,2,True,False,False,False,True,0,Young Adult,Medium
1,2,50.0,0,0,10.5,50.0,1,True,False,False,False,True,0,Adult,Low
0,3,29.69911764705882,0,0,7.75,29.69911764705882,1,False,True,False,True,False,0,Young Adult,Low
1,1,48.0,0,0,26.55,48.0,1,False,True,False,False,True,0,Adult,Low
0,3,34.0,0,0,8.05,34.0,1,False,True,False,False,True,0,Adult,Low
0,1,47.0,0,0,38.5,47.0,1,False,True,False,False,True,0,Adult,Low
0,2,48.0,0,0,13.0,48.0,1,False,True,False,False,True,0,Adult,Low
0,3,29.69911764705882,0,0,8.05,29.69911764705882,1,False,True,False,False,True,0,Young Adult,Low
0,3,38.0,0,0,7.05,38.0,1,False,True,False,False,True,0,Adult,Low
0,2,29.69911764705882,0,0,0.0,29.69911764705882,1,False,True,False,False,True,0,Young Adult,
0,1,56.0,0,0,26.55,56.0,1,False,True,False,False,True,0,Elderly,Low
0,3,29.69911764705882,0,0,7.725,29.69911764705882,1,False,True,False,True,False,0,Young Adult,Low
1,3,0.75,2,1,19.2583,0.75,4,True,False,True,False,False,0,Child,Low
0,3,29.69911764705882,0,0,7.25,29.69911764705882,1,False,True,False,False,True,0,Young Adult,Low
0,3,38.0,0,0,8.6625,38.0,1,False,True,False,False,True,0,Adult,Low
1,2,33.0,1,2,27.75,33.0,4,True,False,False,False,True,0,Adult,Low
1,2,23.0,0,0,13.7917,23.0,1,True,False,True,False,False,0,Young Adult,Low
0,3,22.0,0,0,9.8375,22.0,1,True,False,False,False,True,0,Young Adult,Low
0,1,29.69911764705882,0,0,52.0,29.69911764705882,1,False,True,False,False,True,0,Young Adult,Medium
0,2,34.0,1,0,21.0,34.0,2,False,True,False,False,True,0,Adult,Low
0,3,29.0,1,0,7.0458,29.0,2,False,True,False,False,True,0,Young Adult,Low
0,3,22.0,0,0,7.5208,22.0,1,False,True,False,False,True,0,Young Adult,Low
1,3,2.0,0,1,12.2875,2.0,2,True,False,False,False,True,0,Child,Low
0,3,9.0,5,2,46.9,9.0,8,False,True,False,False,True,0,Child,Low
0,2,29.69911764705882,0,0,0.0,29.69911764705882,1,False,True,False,False,True,0,Young Adult,
0,3,50.0,0,0,8.05,50.0,1,False,True,False,False,True,0,Adult,Low
1,3,63.0,0,0,9.5875,63.0,1,True,False,False,False,True,0,Elderly,Low
1,1,25.0,1,0,91.0792,25.0,2,False,True,True,False,False,0,Young Adult,Medium
0,3,29.69911764705882,3,1,25.4667,29.69911764705882,5,True,False,False,False,True,0,Young Adult,Low
1,1,35.0,1,0,90.0,35.0,2,True,False,False,False,True,0,Adult,Medium
0,1,58.0,0,0,29.7,58.0,1,False,True,True,False,False,0,Elderly,Low
0,3,30.0,0,0,8.05,30.0,1,False,True,False,False,True,0,Young Adult,Low
1,3,9.0,1,1,15.9,9.0,3,False,True,False,False,True,0,Child,Low
0,3,29.69911764705882,1,0,19.9667,29.69911764705882,2,False,True,False,False,True,0,Young Adult,Low
0,3,21.0,0,0,7.25,21.0,1,False,True,False,False,True,0,Young Adult,Low
0,1,55.0,0,0,30.5,55.0,1,False,True,False,False,True,0,Elderly,Low
0,1,71.0,0,0,49.5042,71.0,1,False,True,True,False,False,0,Elderly,Low
0,3,21.0,0,0,8.05,21.0,1,False,True,False,False,True,0,Young Adult,Low
0,3,29.69911764705882,0,0,14.4583,29.69911764705882,1,False,True,True,False,False,0,Young Adult,Low
1,1,54.0,1,0,78.2667,54.0,2,True,False,True,False,False,0,Elderly,Medium
0,3,29.69911764705882,0,0,15.1,29.69911764705882,1,False,True,False,False,True,0,Young Adult,Low
0,1,25.0,1,2,151.55,25.0,4,True,False,False,False,True,0,Young Adult,High
0,3,24.0,0,0,7.7958,24.0,1,False,True,False,False,True,0,Young Adult,Low
0,3,17.0,0,0,8.6625,17.0,1,False,True,False,False,True,0,Child,Low
0,3,21.0,0,0,7.75,21.0,1,True,False,False,True,False,0,Young Adult,Low
0,3,29.69911764705882,0,0,7.6292,29.69911764705882,1,True,False,False,True,False,0,Young Adult,Low
0,3,37.0,0,0,9.5875,37.0,1,True,False,False,False,True,0,Adult,Low
1,1,16.0,0,0,86.5,16.0,1,True,False,False,False,True,0,Child,Medium
0,1,18.0,1,0,108.9,18.0,2,False,True,True,False,False,0,Child,High
1,2,33.0,0,2,26.0,33.0,3,True,False,False,False,True,0,Adult,Low
1,1,29.69911764705882,0,0,26.55,29.69911764705882,1,False,True,False,False,True,0,Young Adult,Low
0,3,28.0,0,0,22.525,28.0,1,False,True,False,False,True,0,Young Adult,Low
1,3,26.0,0,0,56.4958,26.0,1,False,True,False,False,True,0,Young Adult,Medium
1,3,29.0,0,0,7.75,29.0,1,False,True,False,True,False,0,Young Adult,Low
0,3,29.69911764705882,0,0,8.05,29.69911764705882,1,False,True,False,False,True,0,Young Adult,Low
1,1,36.0,0,0,26.2875,36.0,1,False,True,False,False,True,0,Adult,Low
1,1,54.0,1,0,59.4,54.0,2,True,False,True,False,False,0,Elderly,Medium
0,3,24.0,0,0,7.4958,24.0,1,False,True,False,False,True,0,Young Adult,Low
0,1,47.0,0,0,34.0208,47.0,1,False,True,False,False,True,0,Adult,Low
1,2,34.0,0,0,10.5,34.0,1,True,False,False,False,True,0,Adult,Low
0,3,29.69911764705882,0,0,24.15,29.69911764705882,1,False,True,False,True,False,0,Young Adult,Low
1,2,36.0,1,0,26.0,36.0,2,True,False,False,False,True,0,Adult,Low
0,3,32.0,0,0,7.8958,32.0,1,False,True,False,False,True,0,Adult,Low
1,1,30.0,0,0,93.5,30.0,1,True,False,False,False,True,0,Young Adult,Medium
0,3,22.0,0,0,7.8958,22.0,1,False,True,False,False,True,0,Young Adult,Low
0,3,29.69911764705882,0,0,7.225,29.69911764705882,1,False,True,True,False,False,0,Young Adult,Low
1,1,44.0,0,1,57.9792,44.0,2,True,False,True,False,False,0,Adult,Medium
0,3,29.69911764705882,0,0,7.2292,29.69911764705882,1,False,True,True,False,False,0,Young Adult,Low
0,3,40.5,0,0,7.75,40.5,1,False,True,False,True,False,0,Adult,Low
1,2,50.0,0,0,10.5,50.0,1,True,False,False,False,True,0,Adult,Low
0,1,29.69911764705882,0,0,221.7792,29.69911764705882,1,False,True,False,False,True,0,Young Adult,High
0,3,39.0,0,0,7.925,39.0,1,False,True,False,False,True,0,Adult,Low
0,2,23.0,2,1,11.5,23.0,4,False,True,False,False,True,0,Young Adult,Low
1,2,2.0,1,1,26.0,2.0,3,True,False,False,False,True,0,Child,Low
0,3,29.69911764705882,0,0,7.2292,29.69911764705882,1,False,True,True,False,False,0,Young Adult,Low
0,3,17.0,1,1,7.2292,17.0,3,False,True,True,False,False,0,Child,Low
1,3,29.69911764705882,0,2,22.3583,29.69911764705882,3,True,False,True,False,False,0,Young Adult,Low
0,3,30.0,0,0,8.6625,30.0,1,True,False,False,False,True,0,Young Adult,Low
1,2,7.0,0,2,26.25,7.0,3,True,False,False,False,True,0,Child,Low
0,1,45.0,0,0,26.55,45.0,1,False,True,False,False,True,0,Adult,Low
1,1,30.0,0,0,106.425,30.0,1,True,False,True,False,False,0,Young Adult,High
0,3,29.69911764705882,0,0,14.5,29.69911764705882,1,False,True,False,False,True,0,Young Adult,Low
1,1,22.0,0,2,49.5,22.0,3,True,False,True,False,False,0,Young Adult,Low
1,1,36.0,0,2,71.0,36.0,3,True,False,False,False,True,0,Adult,Medium
0,3,9.0,4,2,31.275,9.0,7,True,False,False,False,True,0,Child,Low
0,3,11.0,4,2,31.275,11.0,7,True,False,False,False,True,0,Child,Low
1,2,32.0,1,0,26.0,32.0,2,False,True,False,False,True,0,Adult,Low
0,1,50.0,1,0,106.425,50.0,2,False,True,True,False,False,0,Adult,High
0,1,64.0,0,0,26.0,64.0,1,False,True,False,False,True,0,Elderly,Low
1,2,19.0,1,0,26.0,19.0,2,True,False,False,False,True,0,Young Adult,Low
1,2,29.69911764705882,0,0,13.8625,29.69911764705882,1,False,True,True,False,False,0,Young Adult,Low
0,3,33.0,1,1,20.525,33.0,3,False,True,False,False,True,0,Adult,Low
1,2,8.0,1,1,36.75,8.0,3,False,True,False,False,True,0,Child,Low
1,1,17.0,0,2,110.8833,17.0,3,False,True,True,False,False,0,Child,High
0,2,27.0,0,0,26.0,27.0,1,False,True,False,False,True,0,Young Adult,Low
0,3,29.69911764705882,0,0,7.8292,29.69911764705882,1,False,True,False,True,False,0,Young Adult,Low
1,3,22.0,0,0,7.225,22.0,1,False,True,True,False,False,0,Young Adult,Low
1,3,22.0,0,0,7.775,22.0,1,True,False,False,False,True,0,Young Adult,Low
0,1,62.0,0,0,26.55,62.0,1,False,True,False,False,True,0,Elderly,Low
1,1,48.0,1,0,39.6,48.0,2,True,False,True,False,False,0,Adult,Low
0,1,29.69911764705882,0,0,227.525,29.69911764705882,1,False,True,True,False,False,0,Young Adult,High
1,1,39.0,1,1,79.65,39.0,3,True,False,False,False,True,0,Adult,Medium
1,3,36.0,1,0,17.4,36.0,2,True,False,False,False,True,0,Adult,Low
0,3,29.69911764705882,0,0,7.75,29.69911764705882,1,False,True,False,True,False,0,Young Adult,Low
0,3,40.0,0,0,7.8958,40.0,1,False,True,False,False,True,0,Adult,Low
0,2,28.0,0,0,13.5,28.0,1,False,True,False,False,True,0,Young Adult,Low
0,3,29.69911764705882,0,0,8.05,29.69911764705882,1,False,True,False,False,True,0,Young Adult,Low
0,3,29.69911764705882,0,0,8.05,29.69911764705882,1,True,False,False,False,True,0,Young Adult,Low
0,3,24.0,2,0,24.15,24.0,3,False,True,False,False,True,0,Young Adult,Low
0,3,19.0,0,0,7.8958,19.0,1,False,True,False,False,True,0,Young Adult,Low
0,3,29.0,0,4,21.075,29.0,5,True,False,False,False,True,0,Young Adult,Low
0,3,29.69911764705882,0,0,7.2292,29.69911764705882,1,False,True,True,False,False,0,Young Adult,Low
1,3,32.0,0,0,7.8542,32.0,1,False,True,False,False,True,0,Adult,Low
1,2,62.0,0,0,10.5,62.0,1,False,True,False,False,True,0,Elderly,Low
1,1,53.0,2,0,51.4792,53.0,3,True,False,False,False,True,0,Elderly,Medium
1,1,36.0,0,0,26.3875,36.0,1,False,True,False,False,True,0,Adult,Low
1,3,29.69911764705882,0,0,7.75,29.69911764705882,1,True,False,False,True,False,0,Young Adult,Low
0,3,16.0,0,0,8.05,16.0,1,False,True,False,False,True,0,Child,Low
0,3,19.0,0,0,14.5,19.0,1,False,True,False,False,True,0,Young Adult,Low
1,2,34.0,0,0,13.0,34.0,1,True,False,False,False,True,0,Adult,Low
1,1,39.0,1,0,55.9,39.0,2,True,False,False,False,True,0,Adult,Medium
0,3,29.69911764705882,1,0,14.4583,29.69911764705882,2,True,False,True,False,False,0,Young Adult,Low
1,3,32.0,0,0,7.925,32.0,1,False,True,False,False,True,0,Adult,Low
1,2,25.0,1,1,30.0,25.0,3,True,False,False,False,True,0,Young Adult,Low
1,1,39.0,1,1,110.8833,39.0,3,True,False,True,False,False,0,Adult,High
0,2,54.0,0,0,26.0,54.0,1,False,True,False,False,True,0,Elderly,Low
0,1,36.0,0,0,40.125,36.0,1,False,True,True,False,False,0,Adult,Low
0,3,29.69911764705882,0,0,8.7125,29.69911764705882,1,False,True,True,False,False,0,Young Adult,Low
1,1,18.0,0,2,79.65,18.0,3,True,False,False,False,True,0,Child,Medium
0,2,47.0,0,0,15.0,47.0,1,False,True,False,False,True,0,Adult,Low
1,1,60.0,1,1,79.2,60.0,3,False,True,True,False,False,0,Elderly,Medium
0,3,22.0,0,0,8.05,22.0,1,False,True,False,False,True,0,Young Adult,Low
0,3,29.69911764705882,0,0,8.05,29.69911764705882,1,False,True,False,False,True,0,Young Adult,Low
0,3,35.0,0,0,7.125,35.0,1,False,True,False,False,True,0,Adult,Low
1,1,52.0,1,0,78.2667,52.0,2,True,False,True,False,False,0,Elderly,Medium
0,3,47.0,0,0,7.25,47.0,1,False,True,False,False,True,0,Adult,Low
0,3,29.69911764705882,0,2,7.75,29.69911764705882,3,True,False,False,True,False,0,Young Adult,Low
0,2,37.0,1,0,26.0,37.0,2,False,True,False,False,True,0,Adult,Low
0,3,36.0,1,1,24.15,36.0,3,False,True,False,False,True,0,Adult,Low
1,2,29.69911764705882,0,0,33.0,29.69911764705882,1,True,False,False,False,True,0,Young Adult,Low
0,3,49.0,0,0,0.0,49.0,1,False,True,False,False,True,0,Adult,
0,3,29.69911764705882,0,0,7.225,29.69911764705882,1,False,True,True,False,False,0,Young Adult,Low
1,1,49.0,1,0,56.9292,49.0,2,False,True,True,False,False,0,Adult,Medium
1,2,24.0,2,1,27.0,24.0,4,True,False,False,False,True,0,Young Adult,Low
0,3,29.69911764705882,0,0,7.8958,29.69911764705882,1,False,True,False,False,True,0,Young Adult,Low
0,1,29.69911764705882,0,0,42.4,29.69911764705882,1,False,True,False,False,True,0,Young Adult,Low
0,3,44.0,0,0,8.05,44.0,1,False,True,False,False,True,0,Adult,Low
1,1,35.0,0,0,26.55,35.0,1,False,True,True,False,False,0,Adult,Low
0,3,36.0,1,0,15.55,36.0,2,False,True,False,False,True,0,Adult,Low
0,3,30.0,0,0,7.8958,30.0,1,False,True,False,False,True,0,Young Adult,Low
1,1,27.0,0,0,30.5,27.0,1,False,True,False,False,True,0,Young Adult,Low
1,2,22.0,1,2,41.5792,22.0,4,True,False,True,False,False,0,Young Adult,Low
1,1,40.0,0,0,153.4625,40.0,1,True,False,False,False,True,0,Adult,High
0,3,39.0,1,5,31.275,39.0,7,True,False,False,False,True,0,Adult,Low
0,3,29.69911764705882,0,0,7.05,29.69911764705882,1,False,True,False,False,True,0,Young Adult,Low
1,3,29.69911764705882,1,0,15.5,29.69911764705882,2,True,False,False,True,False,0,Young Adult,Low
0,3,29.69911764705882,0,0,7.75,29.69911764705882,1,False,True,False,True,False,0,Young Adult,Low
0,3,35.0,0,0,8.05,35.0,1,False,True,False,False,True,0,Adult,Low
1,2,24.0,1,2,65.0,24.0,4,True,False,False,False,True,0,Young Adult,Medium
0,3,34.0,1,1,14.4,34.0,3,False,True,False,False,True,0,Adult,Low
0,3,26.0,1,0,16.1,26.0,2,True,False,False,False,True,0,Young Adult,Low
1,2,4.0,2,1,39.0,4.0,4,True,False,False,False,True,0,Child,Low
0,2,26.0,0,0,10.5,26.0,1,False,True,False,False,True,0,Young Adult,Low
0,3,27.0,1,0,14.4542,27.0,2,False,True,True,False,False,0,Young Adult,Low
1,1,42.0,1,0,52.5542,42.0,2,False,True,False,False,True,0,Adult,Medium
1,3,20.0,1,1,15.7417,20.0,3,False,True,True,False,False,0,Young Adult,Low
0,3,21.0,0,0,7.8542,21.0,1,False,True,False,False,True,0,Young Adult,Low
0,3,21.0,0,0,16.1,21.0,1,False,True,False,False,True,0,Young Adult,Low
0,1,61.0,0,0,32.3208,61.0,1,False,True,False,False,True,0,Elderly,Low
0,2,57.0,0,0,12.35,57.0,1,False,True,False,True,False,0,Elderly,Low
1,1,21.0,0,0,77.9583,21.0,1,True,False,False,False,True,0,Young Adult,Medium
0,3,26.0,0,0,7.8958,26.0,1,False,True,False,False,True,0,Young Adult,Low
0,3,29.69911764705882,0,0,7.7333,29.69911764705882,1,False,True,False,True,False,0,Young Adult,Low
1,1,80.0,0,0,30.0,80.0,1,False,True,False,False,True,0,Elderly,Low
0,3,51.0,0,0,7.0542,51.0,1,False,True,False,False,True,0,Elderly,Low
1,1,32.0,0,0,30.5,32.0,1,False,True,True,False,False,0,Adult,Low
0,1,29.69911764705882,0,0,0.0,29.69911764705882,1,False,True,False,False,True,0,Young Adult,
0,3,9.0,3,2,27.9,9.0,6,True,False,False,False,True,0,Child,Low
1,2,28.0,0,0,13.0,28.0,1,True,False,False,False,True,0,Young Adult,Low
0,3,32.0,0,0,7.925,32.0,1,False,True,False,False,True,0,Adult,Low
0,2,31.0,1,1,26.25,31.0,3,False,True,False,False,True,0,Adult,Low
0,3,41.0,0,5,39.6875,41.0,6,True,False,False,False,True,0,Adult,Low
0,3,29.69911764705882,1,0,16.1,29.69911764705882,2,False,True,False,False,True,0,Young Adult,Low
0,3,20.0,0,0,7.8542,20.0,1,False,True,False,False,True,0,Young Adult,Low
1,1,24.0,0,0,69.3,24.0,1,True,False,True,False,False,0,Young Adult,Medium
0,3,2.0,3,2,27.9,2.0,6,True,False,False,False,True,0,Child,Low
1,3,29.69911764705882,0,0,56.4958,29.69911764705882,1,False,True,False,False,True,0,Young Adult,Medium
1,3,0.75,2,1,19.2583,0.75,4,True,False,True,False,False,0,Child,Low
1,1,48.0,1,0,76.7292,48.0,2,False,True,True,False,False,0,Adult,Medium
0,3,19.0,0,0,7.8958,19.0,1,False,True,False,False,True,0,Young Adult,Low
1,1,56.0,0,0,35.5,56.0,1,False,True,True,False,False,0,Elderly,Low
0,3,29.69911764705882,0,0,7.55,29.69911764705882,1,False,True,False,False,True,0,Young Adult,Low
1,3,23.0,0,0,7.55,23.0,1,True,False,False,False,True,0,Young Adult,Low
0,3,29.69911764705882,0,0,7.8958,29.69911764705882,1,False,True,False,False,True,0,Young Adult,Low
1,2,18.0,0,1,23.0,18.0,2,True,False,False,False,True,0,Child,Low
0,3,21.0,0,0,8.4333,21.0,1,False,True,False,False,True,0,Young Adult,Low
1,3,29.69911764705882,0,0,7.8292,29.69911764705882,1,True,False,False,True,False,0,Young Adult,Low
0,3,18.0,0,0,6.75,18.0,1,True,False,False,True,False,0,Child,Low
0,2,24.0,2,0,73.5,24.0,3,False,True,False,False,True,0,Young Adult,Medium
0,3,29.69911764705882,0,0,7.8958,29.69911764705882,1,False,True,False,False,True,0,Young Adult,Low
0,3,32.0,1,1,15.5,32.0,3,True,False,False,True,False,0,Adult,Low
0,2,23.0,0,0,13.0,23.0,1,False,True,False,False,True,0,Young Adult,Low
0,1,58.0,0,2,113.275,58.0,3,False,True,True,False,False,0,Elderly,High
1,1,50.0,2,0,133.65,50.0,3,False,True,False,False,True,0,Adult,High
0,3,40.0,0,0,7.225,40.0,1,False,True,True,False,False,0,Adult,Low
0,1,47.0,0,0,25.5875,47.0,1,False,True,False,False,True,0,Adult,Low
0,3,36.0,0,0,7.4958,36.0,1,False,True,False,False,True,0,Adult,Low
1,3,20.0,1,0,7.925,20.0,2,False,True,False,False,True,0,Young Adult,Low
0,2,32.0,2,0,73.5,32.0,3,False,True,False,False,True,0,Adult,Medium
0,2,25.0,0,0,13.0,25.0,1,False,True,False,False,True,0,Young Adult,Low
0,3,29.69911764705882,0,0,7.775,29.69911764705882,1,False,True,False,False,True,0,Young Adult,Low
0,3,43.0,0,0,8.05,43.0,1,False,True,False,False,True,0,Adult,Low
1,1,29.69911764705882,1,0,52.0,29.69911764705882,2,True,False,False,False,True,0,Young Adult,Medium
1,2,40.0,1,1,39.0,40.0,3,True,False,False,False,True,0,Adult,Low
0,1,31.0,1,0,52.0,31.0,2,False,True,False,False,True,0,Adult,Medium
0,2,70.0,0,0,10.5,70.0,1,False,True,False,False,True,0,Elderly,Low
1,2,31.0,0,0,13.0,31.0,1,False,True,False,False,True,0,Adult,Low
0,2,29.69911764705882,0,0,0.0,29.69911764705882,1,False,True,False,False,True,0,Young Adult,
0,3,18.0,0,0,7.775,18.0,1,False,True,False,False,True,0,Child,Low
0,3,24.5,0,0,8.05,24.5,1,False,True,False,False,True,0,Young Adult,Low
1,3,18.0,0,0,9.8417,18.0,1,True,False,False,False,True,0,Child,Low
0,3,43.0,1,6,46.9,43.0,8,True,False,False,False,True,0,Adult,Low
1,1,36.0,0,1,512.3292,36.0,2,False,True,True,False,False,0,Adult,High
0,3,29.69911764705882,0,0,8.1375,29.69911764705882,1,True,False,False,True,False,0,Young Adult,Low
1,1,27.0,0,0,76.7292,27.0,1,False,True,True,False,False,0,Young Adult,Medium
0,3,20.0,0,0,9.225,20.0,1,False,True,False,False,True,0,Young Adult,Low
0,3,14.0,5,2,46.9,14.0,8,False,True,False,False,True,0,Child,Low
0,2,60.0,1,1,39.0,60.0,3,False,True,False,False,True,0,Elderly,Low
0,2,25.0,1,2,41.5792,25.0,4,False,True,True,False,False,0,Young Adult,Low
0,3,14.0,4,1,39.6875,14.0,6,False,True,False,False,True,0,Child,Low
0,3,19.0,0,0,10.1708,19.0,1,False,True,False,False,True,0,Young Adult,Low
0,3,18.0,0,0,7.7958,18.0,1,False,True,False,False,True,0,Child,Low
1,1,15.0,0,1,211.3375,15.0,2,True,False,False,False,True,0,Child,High
1,1,31.0,1,0,57.0,31.0,2,False,True,False,False,True,0,Adult,Medium
1,3,4.0,0,1,13.4167,4.0,2,True,False,True,False,False,0,Child,Low
1,3,29.69911764705882,0,0,56.4958,29.69911764705882,1,False,True,False,False,True,0,Young Adult,Medium
0,3,25.0,0,0,7.225,25.0,1,False,True,True,False,False,0,Young Adult,Low
0,1,60.0,0,0,26.55,60.0,1,False,True,False,False,True,0,Elderly,Low
0,2,52.0,0,0,13.5,52.0,1,False,True,False,False,True,0,Elderly,Low
0,3,44.0,0,0,8.05,44.0,1,False,True,False,False,True,0,Adult,Low
1,3,29.69911764705882,0,0,7.7333,29.69911764705882,1,True,False,False,True,False,0,Young Adult,Low
0,1,49.0,1,1,110.8833,49.0,3,False,True,True,False,False,0,Adult,High
0,3,42.0,0,0,7.65,42.0,1,False,True,False,False,True,0,Adult,Low
1,1,18.0,1,0,227.525,18.0,2,True,False,True,False,False,0,Child,High
1,1,35.0,0,0,26.2875,35.0,1,False,True,False,False,True,0,Adult,Low
0,3,18.0,0,1,14.4542,18.0,2,True,False,True,False,False,0,Child,Low
0,3,25.0,0,0,7.7417,25.0,1,False,True,False,True,False,0,Young Adult,Low
0,3,26.0,1,0,7.8542,26.0,2,False,True,False,False,True,0,Young Adult,Low
0,2,39.0,0,0,26.0,39.0,1,False,True,False,False,True,0,Adult,Low
1,2,45.0,0,0,13.5,45.0,1,True,False,False,False,True,0,Adult,Low
1,1,42.0,0,0,26.2875,42.0,1,False,True,False,False,True,0,Adult,Low
1,1,22.0,0,0,151.55,22.0,1,True,False,False,False,True,0,Young Adult,High
1,3,29.69911764705882,1,1,15.2458,29.69911764705882,3,False,True,True,False,False,0,Young Adult,Low
1,1,24.0,0,0,49.5042,24.0,1,True,False,True,False,False,0,Young Adult,Low
0,1,29.69911764705882,0,0,26.55,29.69911764705882,1,False,True,False,False,True,0,Young Adult,Low
1,1,48.0,1,0,52.0,48.0,2,False,True,False,False,True,0,Adult,Medium
0,3,29.0,0,0,9.4833,29.0,1,False,True,False,False,True,0,Young Adult,Low
0,2,52.0,0,0,13.0,52.0,1,False,True,False,False,True,0,Elderly,Low
0,3,19.0,0,0,7.65,19.0,1,False,True,False,False,True,0,Young Adult,Low
1,1,38.0,0,0,227.525,38.0,1,True,False,True,False,False,0,Adult,High
1,2,27.0,0,0,10.5,27.0,1,True,False,False,False,True,0,Young Adult,Low
0,3,29.69911764705882,0,0,15.5,29.69911764705882,1,False,True,False,True,False,0,Young Adult,Low
0,3,33.0,0,0,7.775,33.0,1,False,True,False,False,True,0,Adult,Low
1,2,6.0,0,1,33.0,6.0,2,True,False,False,False,True,0,Child,Low
0,3,17.0,1,0,7.0542,17.0,2,False,True,False,False,True,0,Child,Low
0,2,34.0,0,0,13.0,34.0,1,False,True,False,False,True,0,Adult,Low
0,2,50.0,0,0,13.0,50.0,1,False,True,False,False,True,0,Adult,Low
1,1,27.0,1,0,53.1,27.0,2,False,True,False,False,True,0,Young Adult,Medium
0,3,20.0,0,0,8.6625,20.0,1,False,True,False,False,True,0,Young Adult,Low
1,2,30.0,3,0,21.0,30.0,4,True,False,False,False,True,0,Young Adult,Low
1,3,29.69911764705882,0,0,7.7375,29.69911764705882,1,True,False,False,True,False,0,Young Adult,Low
0,2,25.0,1,0,26.0,25.0,2,False,True,False,False,True,0,Young Adult,Low
0,3,25.0,1,0,7.925,25.0,2,True,False,False,False,True,0,Young Adult,Low
1,1,29.0,0,0,211.3375,29.0,1,True,False,False,False,True,0,Young Adult,High
0,3,11.0,0,0,18.7875,11.0,1,False,True,True,False,False,0,Child,Low
0,2,29.69911764705882,0,0,0.0,29.69911764705882,1,False,True,False,False,True,0,Young Adult,
0,2,23.0,0,0,13.0,23.0,1,False,True,False,False,True,0,Young Adult,Low
0,2,23.0,0,0,13.0,23.0,1,False,True,False,False,True,0,Young Adult,Low
0,3,28.5,0,0,16.1,28.5,1,False,True,False,False,True,0,Young Adult,Low
0,3,48.0,1,3,34.375,48.0,5,True,False,False,False,True,0,Adult,Low
1,1,35.0,0,0,512.3292,35.0,1,False,True,True,False,False,0,Adult,High
0,3,29.69911764705882,0,0,7.8958,29.69911764705882,1,False,True,False,False,True,0,Young Adult,Low
0,3,29.69911764705882,0,0,7.8958,29.69911764705882,1,False,True,False,False,True,0,Young Adult,Low
1,1,29.69911764705882,0,0,30.0,29.69911764705882,1,False,True,False,False,True,0,Young Adult,Low
0,1,36.0,1,0,78.85,36.0,2,False,True,False,False,True,0,Adult,Medium
1,1,21.0,2,2,262.375,21.0,5,True,False,True,False,False,0,Young Adult,High
0,3,24.0,1,0,16.1,24.0,2,False,True,False,False,True,0,Young Adult,Low
1,3,31.0,0,0,7.925,31.0,1,False,True,False,False,True,0,Adult,Low
0,1,70.0,1,1,71.0,70.0,3,False,True,False,False,True,0,Elderly,Medium
0,3,16.0,1,1,20.25,16.0,3,False,True,False,False,True,0,Child,Low
1,2,30.0,0,0,13.0,30.0,1,True,False,False,False,True,0,Young Adult,Low
0,1,19.0,1,0,53.1,19.0,2,False,True,False,False,True,0,Young Adult,Medium
0,3,31.0,0,0,7.75,31.0,1,False,True,False,True,False,0,Adult,Low
1,2,4.0,1,1,23.0,4.0,3,True,False,False,False,True,0,Child,Low
1,3,6.0,0,1,12.475,6.0,2,False,True,False,False,True,0,Child,Low
0,3,33.0,0,0,9.5,33.0,1,False,True,False,False,True,0,Adult,Low
0,3,23.0,0,0,7.8958,23.0,1,False,True,False,False,True,0,Young Adult,Low
1,2,48.0,1,2,65.0,48.0,4,True,False,False,False,True,0,Adult,Medium
1,2,0.67,1,1,14.5,0.67,3,False,True,False,False,True,0,Child,Low
0,3,28.0,0,0,7.7958,28.0,1,False,True,False,False,True,0,Young Adult,Low
0,2,18.0,0,0,11.5,18.0,1,False,True,False,False,True,0,Child,Low
0,3,34.0,0,0,8.05,34.0,1,False,True,False,False,True,0,Adult,Low
1,1,33.0,0,0,86.5,33.0,1,True,False,False,False,True,0,Adult,Medium
0,3,29.69911764705882,0,0,14.5,29.69911764705882,1,False,True,False,False,True,0,Young Adult,Low
0,3,41.0,0,0,7.125,41.0,1,False,True,False,False,True,0,Adult,Low
1,3,20.0,0,0,7.2292,20.0,1,False,True,True,False,False,0,Young Adult,Low
1,1,36.0,1,2,120.0,36.0,4,True,False,False,False,True,0,Adult,High
0,3,16.0,0,0,7.775,16.0,1,False,True,False,False,True,0,Child,Low
1,1,51.0,1,0,77.9583,51.0,2,True,False,False,False,True,0,Elderly,Medium
0,1,29.69911764705882,0,0,39.6,29.69911764705882,1,False,True,True,False,False,0,Young Adult,Low
0,3,30.5,0,0,7.75,30.5,1,True,False,False,True,False,0,Adult,Low
0,3,29.69911764705882,1,0,24.15,29.69911764705882,2,False,True,False,True,False,0,Young Adult,Low
0,3,32.0,0,0,8.3625,32.0,1,False,True,False,False,True,0,Adult,Low
0,3,24.0,0,0,9.5,24.0,1,False,True,False,False,True,0,Young Adult,Low
0,3,48.0,0,0,7.8542,48.0,1,False,True,False,False,True,0,Adult,Low
0,2,57.0,0,0,10.5,57.0,1,True,False,False,False,True,0,Elderly,Low
0,3,29.69911764705882,0,0,7.225,29.69911764705882,1,False,True,True,False,False,0,Young Adult,Low
1,2,54.0,1,3,23.0,54.0,5,True,False,False,False,True,0,Elderly,Low
0,3,18.0,0,0,7.75,18.0,1,False,True,False,False,True,0,Child,Low
0,3,29.69911764705882,0,0,7.75,29.69911764705882,1,False,True,False,True,False,0,Young Adult,Low
1,3,5.0,0,0,12.475,5.0,1,True,False,False,False,True,0,Child,Low
0,3,29.69911764705882,0,0,7.7375,29.69911764705882,1,False,True,False,True,False,0,Young Adult,Low
1,1,43.0,0,1,211.3375,43.0,2,True,False,False,False,True,0,Adult,High
1,3,13.0,0,0,7.2292,13.0,1,True,False,True,False,False,0,Child,Low
1,1,17.0,1,0,57.0,17.0,2,True,False,False,False,True,0,Child,Medium
0,1,29.0,0,0,30.0,29.0,1,False,True,False,False,True,0,Young Adult,Low
0,3,29.69911764705882,1,2,23.45,29.69911764705882,4,False,True,False,False,True,0,Young Adult,Low
0,3,25.0,0,0,7.05,25.0,1,False,True,False,False,True,0,Young Adult,Low
0,3,25.0,0,0,7.25,25.0,1,False,True,False,False,True,0,Young Adult,Low
1,3,18.0,0,0,7.4958,18.0,1,True,False,False,False,True,0,Child,Low
0,3,8.0,4,1,29.125,8.0,6,False,True,False,True,False,0,Child,Low
1,3,1.0,1,2,20.575,1.0,4,False,True,False,False,True,0,Child,Low
0,1,46.0,0,0,79.2,46.0,1,False,True,True,False,False,0,Adult,Medium
0,3,29.69911764705882,0,0,7.75,29.69911764705882,1,False,True,False,True,False,0,Young Adult,Low
0,2,16.0,0,0,26.0,16.0,1,False,True,False,False,True,0,Child,Low
0,3,29.69911764705882,8,2,69.55,29.69911764705882,11,True,False,False,False,True,0,Young Adult,Medium
0,1,29.69911764705882,0,0,30.6958,29.69911764705882,1,False,True,True,False,False,0,Young Adult,Low
0,3,25.0,0,0,7.8958,25.0,1,False,True,False,False,True,0,Young Adult,Low
0,2,39.0,0,0,13.0,39.0,1,False,True,False,False,True,0,Adult,Low
1,1,49.0,0,0,25.9292,49.0,1,True,False,False,False,True,0,Adult,Low
1,3,31.0,0,0,8.6833,31.0,1,True,False,False,False,True,0,Adult,Low
0,3,30.0,0,0,7.2292,30.0,1,False,True,True,False,False,0,Young Adult,Low
0,3,30.0,1,1,24.15,30.0,3,True,False,False,False,True,0,Young Adult,Low
0,2,34.0,0,0,13.0,34.0,1,False,True,False,False,True,0,Adult,Low
1,2,31.0,1,1,26.25,31.0,3,True,False,False,False,True,0,Adult,Low
1,1,11.0,1,2,120.0,11.0,4,False,True,False,False,True,0,Child,High
1,3,0.42,0,1,8.5167,0.42,2,False,True,True,False,False,0,Child,Low
1,3,27.0,0,0,6.975,27.0,1,False,True,False,False,True,0,Young Adult,Low
0,3,31.0,0,0,7.775,31.0,1,False,True,False,False,True,0,Adult,Low
0,1,39.0,0,0,0.0,39.0,1,False,True,False,False,True,0,Adult,
0,3,18.0,0,0,7.775,18.0,1,True,False,False,False,True,0,Child,Low
0,2,39.0,0,0,13.0,39.0,1,False,True,False,False,True,0,Adult,Low
1,1,33.0,1,0,53.1,33.0,2,True,False,False,False,True,0,Adult,Medium
0,3,26.0,0,0,7.8875,26.0,1,False,True,False,False,True,0,Young Adult,Low
0,3,39.0,0,0,24.15,39.0,1,False,True,False,False,True,0,Adult,Low
0,2,35.0,0,0,10.5,35.0,1,False,True,False,False,True,0,Adult,Low
0,3,6.0,4,2,31.275,6.0,7,True,False,False,False,True,0,Child,Low
0,3,30.5,0,0,8.05,30.5,1,False,True,False,False,True,0,Adult,Low
0,1,29.69911764705882,0,0,0.0,29.69911764705882,1,False,True,False,False,True,0,Young Adult,
0,3,23.0,0,0,7.925,23.0,1,True,False,False,False,True,0,Young Adult,Low
0,2,31.0,1,1,37.0042,31.0,3,False,True,True,False,False,0,Adult,Low
0,3,43.0,0,0,6.45,43.0,1,False,True,False,False,True,0,Adult,Low
0,3,10.0,3,2,27.9,10.0,6,False,True,False,False,True,0,Child,Low
1,1,52.0,1,1,93.5,52.0,3,True,False,False,False,True,0,Elderly,Medium
1,3,27.0,0,0,8.6625,27.0,1,False,True,False,False,True,0,Young Adult,Low
0,1,38.0,0,0,0.0,38.0,1,False,True,False,False,True,0,Adult,
1,3,27.0,0,1,12.475,27.0,2,True,False,False,False,True,0,Young Adult,Low
0,3,2.0,4,1,39.6875,2.0,6,False,True,False,False,True,0,Child,Low
0,3,29.69911764705882,0,0,6.95,29.69911764705882,1,False,True,False,True,False,0,Young Adult,Low
0,3,29.69911764705882,0,0,56.4958,29.69911764705882,1,False,True,False,False,True,0,Young Adult,Medium
1,2,1.0,0,2,37.0042,1.0,3,False,True,True,False,False,0,Child,Low
1,3,29.69911764705882,0,0,7.75,29.69911764705882,1,False,True,False,True,False,0,Young Adult,Low
1,1,62.0,0,0,80.0,62.0,1,True,False,False,False,False,0,Elderly,Medium
1,3,15.0,1,0,14.4542,15.0,2,True,False,True,False,False,0,Child,Low
1,2,0.83,1,1,18.75,0.83,3,False,True,False,False,True,0,Child,Low
0,3,29.69911764705882,0,0,7.2292,29.69911764705882,1,False,True,True,False,False,0,Young Adult,Low
0,3,23.0,0,0,7.8542,23.0,1,False,True,False,False,True,0,Young Adult,Low
0,3,18.0,0,0,8.3,18.0,1,False,True,False,False,True,0,Child,Low
1,1,39.0,1,1,83.1583,39.0,3,True,False,True,False,False,0,Adult,Medium
0,3,21.0,0,0,8.6625,21.0,1,False,True,False,False,True,0,Young Adult,Low
0,3,29.69911764705882,0,0,8.05,29.69911764705882,1,False,True,False,False,True,0,Young Adult,Low
1,3,32.0,0,0,56.4958,32.0,1,False,True,False,False,True,0,Adult,Medium
1,1,29.69911764705882,0,0,29.7,29.69911764705882,1,False,True,True,False,False,0,Young Adult,Low
0,3,20.0,0,0,7.925,20.0,1,False,True,False,False,True,0,Young Adult,Low
0,2,16.0,0,0,10.5,16.0,1,False,True,False,False,True,0,Child,Low
1,1,30.0,0,0,31.0,30.0,1,True,False,True,False,False,0,Young Adult,Low
0,3,34.5,0,0,6.4375,34.5,1,False,True,True,False,False,0,Adult,Low
0,3,17.0,0,0,8.6625,17.0,1,False,True,False,False,True,0,Child,Low
0,3,42.0,0,0,7.55,42.0,1,False,True,False,False,True,0,Adult,Low
0,3,29.69911764705882,8,2,69.55,29.69911764705882,11,False,True,False,False,True,0,Young Adult,Medium
0,3,35.0,0,0,7.8958,35.0,1,False,True,True,False,False,0,Adult,Low
0,2,28.0,0,1,33.0,28.0,2,False,True,False,False,True,0,Young Adult,Low
1,1,29.69911764705882,1,0,89.1042,29.69911764705882,2,True,False,True,False,False,0,Young Adult,Medium
0,3,4.0,4,2,31.275,4.0,7,False,True,False,False,True,0,Child,Low
0,3,74.0,0,0,7.775,74.0,1,False,True,False,False,True,0,Elderly,Low
0,3,9.0,1,1,15.2458,9.0,3,True,False,True,False,False,0,Child,Low
1,1,16.0,0,1,39.4,16.0,2,True,False,False,False,True,0,Child,Low
0,2,44.0,1,0,26.0,44.0,2,True,False,False,False,True,0,Adult,Low
1,3,18.0,0,1,9.35,18.0,2,True,False,False,False,True,0,Child,Low
1,1,45.0,1,1,164.8667,45.0,3,True,False,False,False,True,0,Adult,High
1,1,51.0,0,0,26.55,51.0,1,False,True,False,False,True,0,Elderly,Low
1,3,24.0,0,3,19.2583,24.0,4,True,False,True,False,False,0,Young Adult,Low
0,3,29.69911764705882,0,0,7.2292,29.69911764705882,1,False,True,True,False,False,0,Young Adult,Low
0,3,41.0,2,0,14.1083,41.0,3,False,True,False,False,True,0,Adult,Low
0,2,21.0,1,0,11.5,21.0,2,False,True,False,False,True,0,Young Adult,Low
1,1,48.0,0,0,25.9292,48.0,1,True,False,False,False,True,0,Adult,Low
0,3,29.69911764705882,8,2,69.55,29.69911764705882,11,True,False,False,False,True,0,Young Adult,Medium
0,2,24.0,0,0,13.0,24.0,1,False,True,False,False,True,0,Young Adult,Low
1,2,42.0,0,0,13.0,42.0,1,True,False,False,False,True,0,Adult,Low
1,2,27.0,1,0,13.8583,27.0,2,True,False,True,False,False,0,Young Adult,Low
0,1,31.0,0,0,50.4958,31.0,1,False,True,False,False,True,0,Adult,Medium
0,3,29.69911764705882,0,0,9.5,29.69911764705882,1,False,True,False,False,True,0,Young Adult,Low
1,3,4.0,1,1,11.1333,4.0,3,False,True,False,False,True,0,Child,Low
0,3,26.0,0,0,7.8958,26.0,1,False,True,False,False,True,0,Young Adult,Low
1,1,47.0,1,1,52.5542,47.0,3,True,False,False,False,True,0,Adult,Medium
0,1,33.0,0,0,5.0,33.0,1,False,True,False,False,True,0,Adult,Low
0,3,47.0,0,0,9.0,47.0,1,False,True,False,False,True,0,Adult,Low
1,2,28.0,1,0,24.0,28.0,2,True,False,True,False,False,0,Young Adult,Low
1,3,15.0,0,0,7.225,15.0,1,True,False,True,False,False,0,Child,Low
0,3,20.0,0,0,9.8458,20.0,1,False,True,False,False,True,0,Young Adult,Low
0,3,19.0,0,0,7.8958,19.0,1,False,True,False,False,True,0,Young Adult,Low
0,3,29.69911764705882,0,0,7.8958,29.69911764705882,1,False,True,False,False,True,0,Young Adult,Low
1,1,56.0,0,1,83.1583,56.0,2,True,False,True,False,False,0,Elderly,Medium
1,2,25.0,0,1,26.0,25.0,2,True,False,False,False,True,0,Young Adult,Low
0,3,33.0,0,0,7.8958,33.0,1,False,True,False,False,True,0,Adult,Low
0,3,22.0,0,0,10.5167,22.0,1,True,False,False,False,True,0,Young Adult,Low
0,2,28.0,0,0,10.5,28.0,1,False,True,False,False,True,0,Young Adult,Low
0,3,25.0,0,0,7.05,25.0,1,False,True,False,False,True,0,Young Adult,Low
0,3,39.0,0,5,29.125,39.0,6,True,False,False,True,False,0,Adult,Low
0,2,27.0,0,0,13.0,27.0,1,False,True,False,False,True,0,Young Adult,Low
1,1,19.0,0,0,30.0,19.0,1,True,False,False,False,True,0,Young Adult,Low
0,3,29.69911764705882,1,2,23.45,29.69911764705882,4,True,False,False,False,True,0,Young Adult,Low
1,1,26.0,0,0,30.0,26.0,1,False,True,True,False,False,0,Young Adult,Low
0,3,32.0,0,0,7.75,32.0,1,False,True,False,True,False,0,Adult,Low
